abcd,abcd
genie_worrell,m8kE8GQFts
robbyn_matney,qsg3dJYHvB
eric_denmark,Te8vy4j36C
myesha_flemons,2gvYKn5GGY
ernest_northam,YYPPrsfmCr
cecily_seltzer,69gWnEnern
rosalyn_chevez,bkZbH4fHqm
jada_rudisill,PDLANCSbWn
bo_fullwood,jXnVmTxT7k
rehaan_matthews,DFEeq2yP5W
siena_richmond,Xlpgo2Z5
isla-mae_odonnell,0Ge4wxbI
burhan_dickinson,dMzRkXJ5uj
alexandre_ballard,nzBzYVOE7
remy_petersen,CjCdsQmE
aubree_friedman,cJ8V0ZVlU3U
vikram_downes,WCauoCSapZd
kiara_bryant,qHM1BfQlKj
kaci_leach,dWEkP3n0P8I3
rudy_mora,Bu9l9QpR7
benn_humphrey,BTwuhbddNN
alyssa_drew,F074jvxkAQ
manpreet_best,C2J98kBtmi3
sahib_coles,YE7eSFzesonz
elora_walter,b3F9AIKs
una_kemp,YcOZAs9R8R4
tobey_simon,w82fT4Cqxj
juliette_reed,n6itD8GKVS
astrid_mooney,YGG5qtYmb
instructor,1234